Relaves,alpha
Talabre,0.0006769435226
Pampa Austral,0.0009165659842
Potrerillos II,0.0005704532879 
Ovejeria,0.000366684524
Caren,0.000321619121