Relaves,Hmant
Talabre,140919.3035
Pampa Austral,36238.18636
Potrerillos II,78.98765882
Ovejeria,25364.34092
Caren,48425.05526