Relave,Hcubierta
Talabre,4110.146352
Pampa Austral,90595.4659
Potrerillos II,2.303806716
Ovejeria,1479.586554
Caren,4438.963399